{
	"page": {
		"label": "TRANSLATE.PLUGIN_CONFIGURATION"
	},
	"sections": [
		{
			"id": "gpio_control_setup",
			"element": "section",
			"label": "TRANSLATE.PLUGIN_DESCRIPTION",
			"icon": "fa-plug",
			"onSave": {
				"type": "controller",
				"endpoint": "system_hardware/gpio_control",
				"method": "saveConfig"
			},
			"saveButton": {
				"label": "TRANSLATE.SAVE",
				"data": [
					"systemStartupEnabled",
					"systemStartupPin",
					"systemStartupState",
					"systemStartupDelay",
					"systemStartupDelayUnits",
					"systemStartupDuration",
					"systemStartupDurationUnits",
					"systemShutdownEnabled",
					"systemShutdownPin",
					"systemShutdownState",
					"systemShutdownDelay",
					"systemShutdownDelayUnits",
					"systemShutdownDuration",
					"systemShutdownDurationUnits",
					"musicPlayEnabled",
					"musicPlayPin",
					"musicPlayState",
					"musicPlayDelay",
					"musicPlayDelayUnits",
					"musicPlayDuration",
					"musicPlayDurationUnits",
					"musicPauseEnabled",
					"musicPausePin",
					"musicPauseState",
					"musicPauseDelay",
					"musicPauseDelayUnits",
					"musicPauseDuration",
					"musicPauseDurationUnits",
					"musicStopEnabled",
					"musicStopPin",
					"musicStopState",
					"musicStopDelay",
					"musicStopDelayUnits",
					"musicStopDuration",
					"musicStopDurationUnits"
				]
			},
			"content": [
				{
					"id": "systemStartupEnabled",
					"element": "switch",
					"label": "TRANSLATE.SYSTEM_STARTUP",
					"doc": "TRANSLATE.SYSTEM_STARTUP_DOC",
					"value": false
				},
				{
					"id": "systemStartupPin",
					"element": "select",
					"label": "TRANSLATE.GPIO_PIN",
					"doc": "TRANSLATE.GPIO_PIN_DOC",
					"value": {
						"value": 0,
						"label": "0"
					},
					"options": [
						{
							"value": 2,
							"label": "2"
						},
						{
							"value": 3,
							"label": "3"
						},
						{
							"value": 4,
							"label": "4"
						},
						{
							"value": 5,
							"label": "5"
						},
						{
							"value": 6,
							"label": "6"
						},
						{
							"value": 7,
							"label": "7"
						},
						{
							"value": 8,
							"label": "8"
						},
						{
							"value": 9,
							"label": "9"
						},
						{
							"value": 10,
							"label": "10"
						},
						{
							"value": 11,
							"label": "11"
						},
						{
							"value": 12,
							"label": "12"
						},
						{
							"value": 13,
							"label": "13"
						},
						{
							"value": 14,
							"label": "14"
						},
						{
							"value": 15,
							"label": "15"
						},
						{
							"value": 16,
							"label": "16"
						},
						{
							"value": 17,
							"label": "17"
						},
						{
							"value": 18,
							"label": "18"
						},
						{
							"value": 19,
							"label": "19"
						},
						{
							"value": 20,
							"label": "20"
						},
						{
							"value": 21,
							"label": "21"
						},
						{
							"value": 22,
							"label": "22"
						},
						{
							"value": 23,
							"label": "23"
						},
						{
							"value": 24,
							"label": "24"
						},
						{
							"value": 25,
							"label": "25"
						},
						{
							"value": 26,
							"label": "26"
						},
						{
							"value": 27,
							"label": "27"
						}
					],
					"visibleIf": {
						"field": "systemStartupEnabled",
						"value": true
					}
				},
				{
					"id": "systemStartupState",
					"element": "select",
					"label": "TRANSLATE.GPIO_STATE",
					"doc": "TRANSLATE.GPIO_STATE_DOC",
					"value": {
						"value": 0,
						"label": "TRANSLATE.OFF"
					},
					"options": [
						{
							"value": 1,
							"label": "TRANSLATE.ON"
						},
						{
							"value": 0,
							"label": "TRANSLATE.OFF"
						}
					],
					"visibleIf": {
						"field": "systemStartupEnabled",
						"value": true
					}
				},
				{
					"id": "systemStartupDelay",
					"element": "select",
					"label": "TRANSLATE.GPIO_DELAY",
					"doc": "TRANSLATE.GPIO_DELAY_DOC",
					"value": {
						"value": 0,
						"label": "TRANSLATE.DELAY_NONE"
					},
					"options": [
						{
							"value": 0,
							"label": "TRANSLATE.DELAY_NONE"
						},
						{
							"value": 1,
							"label": "1"
						},
						{
							"value": 2,
							"label": "2"
						},
						{
							"value": 3,
							"label": "3"
						},
						{
							"value": 4,
							"label": "4"
						},
						{
							"value": 5,
							"label": "5"
						},
						{
							"value": 6,
							"label": "6"
						},
						{
							"value": 7,
							"label": "7"
						},
						{
							"value": 8,
							"label": "8"
						},
						{
							"value": 9,
							"label": "9"
						},
						{
							"value": 10,
							"label": "10"
						},
						{
							"value": 11,
							"label": "11"
						},
						{
							"value": 12,
							"label": "12"
						},
						{
							"value": 13,
							"label": "13"
						},
						{
							"value": 14,
							"label": "14"
						},
						{
							"value": 15,
							"label": "15"
						},
						{
							"value": 16,
							"label": "16"
						},
						{
							"value": 17,
							"label": "17"
						},
						{
							"value": 18,
							"label": "18"
						},
						{
							"value": 19,
							"label": "19"
						},
						{
							"value": 20,
							"label": "20"
						},
						{
							"value": 21,
							"label": "21"
						},
						{
							"value": 22,
							"label": "22"
						},
						{
							"value": 23,
							"label": "23"
						},
						{
							"value": 24,
							"label": "24"
						},
						{
							"value": 25,
							"label": "25"
						},
						{
							"value": 26,
							"label": "26"
						},
						{
							"value": 27,
							"label": "27"
						},
						{
							"value": 28,
							"label": "28"
						},
						{
							"value": 29,
							"label": "29"
						},
						{
							"value": 30,
							"label": "30"
						},
						{
							"value": 31,
							"label": "31"
						},
						{
							"value": 32,
							"label": "32"
						},
						{
							"value": 33,
							"label": "33"
						},
						{
							"value": 34,
							"label": "34"
						},
						{
							"value": 35,
							"label": "35"
						},
						{
							"value": 36,
							"label": "36"
						},
						{
							"value": 37,
							"label": "37"
						},
						{
							"value": 38,
							"label": "38"
						},
						{
							"value": 39,
							"label": "39"
						},
						{
							"value": 40,
							"label": "40"
						},
						{
							"value": 41,
							"label": "41"
						},
						{
							"value": 42,
							"label": "42"
						},
						{
							"value": 43,
							"label": "43"
						},
						{
							"value": 44,
							"label": "44"
						},
						{
							"value": 45,
							"label": "45"
						},
						{
							"value": 46,
							"label": "46"
						},
						{
							"value": 47,
							"label": "47"
						},
						{
							"value": 48,
							"label": "48"
						},
						{
							"value": 49,
							"label": "49"
						},
						{
							"value": 50,
							"label": "50"
						},
						{
							"value": 51,
							"label": "51"
						},
						{
							"value": 52,
							"label": "52"
						},
						{
							"value": 53,
							"label": "53"
						},
						{
							"value": 54,
							"label": "54"
						},
						{
							"value": 55,
							"label": "55"
						},
						{
							"value": 56,
							"label": "56"
						},
						{
							"value": 57,
							"label": "57"
						},
						{
							"value": 58,
							"label": "58"
						},
						{
							"value": 59,
							"label": "59"
						},
						{
							"value": 60,
							"label": "60"
						},
						{
							"value": 61,
							"label": "61"
						},
						{
							"value": 62,
							"label": "62"
						},
						{
							"value": 63,
							"label": "63"
						},
						{
							"value": 64,
							"label": "64"
						},
						{
							"value": 65,
							"label": "65"
						},
						{
							"value": 66,
							"label": "66"
						},
						{
							"value": 67,
							"label": "67"
						},
						{
							"value": 68,
							"label": "68"
						},
						{
							"value": 69,
							"label": "69"
						},
						{
							"value": 70,
							"label": "70"
						},
						{
							"value": 71,
							"label": "71"
						},
						{
							"value": 72,
							"label": "72"
						},
						{
							"value": 73,
							"label": "73"
						},
						{
							"value": 74,
							"label": "74"
						},
						{
							"value": 75,
							"label": "75"
						},
						{
							"value": 76,
							"label": "76"
						},
						{
							"value": 77,
							"label": "77"
						},
						{
							"value": 78,
							"label": "78"
						},
						{
							"value": 79,
							"label": "79"
						},
						{
							"value": 80,
							"label": "80"
						},
						{
							"value": 81,
							"label": "81"
						},
						{
							"value": 82,
							"label": "82"
						},
						{
							"value": 83,
							"label": "83"
						},
						{
							"value": 84,
							"label": "84"
						},
						{
							"value": 85,
							"label": "85"
						},
						{
							"value": 86,
							"label": "86"
						},
						{
							"value": 87,
							"label": "87"
						},
						{
							"value": 88,
							"label": "88"
						},
						{
							"value": 89,
							"label": "89"
						},
						{
							"value": 90,
							"label": "90"
						},
						{
							"value": 91,
							"label": "91"
						},
						{
							"value": 92,
							"label": "92"
						},
						{
							"value": 93,
							"label": "93"
						},
						{
							"value": 94,
							"label": "94"
						},
						{
							"value": 95,
							"label": "95"
						},
						{
							"value": 96,
							"label": "96"
						},
						{
							"value": 97,
							"label": "97"
						},
						{
							"value": 98,
							"label": "98"
						},
						{
							"value": 99,
							"label": "99"
						},
						{
							"value": 100,
							"label": "100"
						}
					],
					"visibleIf": {
						"field": "systemStartupEnabled",
						"value": true
					}
				},
				{
					"id": "systemStartupDelayUnits",
					"element": "select",
					"label": "TRANSLATE.GPIO_DELAY_UNITS",
					"doc": "TRANSLATE.GPIO_DELAY_UNITS_DOC",
					"value": {
						"value": 0,
						"label": "TRANSLATE.UNITS_HOURS"
					},
					"options": [
						{
							"value": 0,
							"label": "TRANSLATE.UNITS_HOURS"
						},
						{
							"value": 1,
							"label": "TRANSLATE.UNITS_MINUTES"
						},
						{
							"value": 2,
							"label": "TRANSLATE.UNITS_SECONDS"
						},
						{
							"value": 3,
							"label": "TRANSLATE.UNITS_MILLISECONDS"
						}
					],
					"visibleIf": {
						"field": "systemStartupEnabled",
						"value": true
					}
				},
				{
					"id": "systemStartupDuration",
					"element": "select",
					"label": "TRANSLATE.GPIO_DURATION",
					"doc": "TRANSLATE.GPIO_DURATION_DOC",
					"value": {
						"value": 0,
						"label": "Continuous"
					},
					"options": [
						{
							"value": 0,
							"label": "TRANSLATE.DURATION_NONE"
						},
						{
							"value": 1,
							"label": "1"
						},
						{
							"value": 2,
							"label": "2"
						},
						{
							"value": 3,
							"label": "3"
						},
						{
							"value": 4,
							"label": "4"
						},
						{
							"value": 5,
							"label": "5"
						},
						{
							"value": 6,
							"label": "6"
						},
						{
							"value": 7,
							"label": "7"
						},
						{
							"value": 8,
							"label": "8"
						},
						{
							"value": 9,
							"label": "9"
						},
						{
							"value": 10,
							"label": "10"
						},
						{
							"value": 11,
							"label": "11"
						},
						{
							"value": 12,
							"label": "12"
						},
						{
							"value": 13,
							"label": "13"
						},
						{
							"value": 14,
							"label": "14"
						},
						{
							"value": 15,
							"label": "15"
						},
						{
							"value": 16,
							"label": "16"
						},
						{
							"value": 17,
							"label": "17"
						},
						{
							"value": 18,
							"label": "18"
						},
						{
							"value": 19,
							"label": "19"
						},
						{
							"value": 20,
							"label": "20"
						},
						{
							"value": 21,
							"label": "21"
						},
						{
							"value": 22,
							"label": "22"
						},
						{
							"value": 23,
							"label": "23"
						},
						{
							"value": 24,
							"label": "24"
						},
						{
							"value": 25,
							"label": "25"
						},
						{
							"value": 26,
							"label": "26"
						},
						{
							"value": 27,
							"label": "27"
						},
						{
							"value": 28,
							"label": "28"
						},
						{
							"value": 29,
							"label": "29"
						},
						{
							"value": 30,
							"label": "30"
						},
						{
							"value": 31,
							"label": "31"
						},
						{
							"value": 32,
							"label": "32"
						},
						{
							"value": 33,
							"label": "33"
						},
						{
							"value": 34,
							"label": "34"
						},
						{
							"value": 35,
							"label": "35"
						},
						{
							"value": 36,
							"label": "36"
						},
						{
							"value": 37,
							"label": "37"
						},
						{
							"value": 38,
							"label": "38"
						},
						{
							"value": 39,
							"label": "39"
						},
						{
							"value": 40,
							"label": "40"
						},
						{
							"value": 41,
							"label": "41"
						},
						{
							"value": 42,
							"label": "42"
						},
						{
							"value": 43,
							"label": "43"
						},
						{
							"value": 44,
							"label": "44"
						},
						{
							"value": 45,
							"label": "45"
						},
						{
							"value": 46,
							"label": "46"
						},
						{
							"value": 47,
							"label": "47"
						},
						{
							"value": 48,
							"label": "48"
						},
						{
							"value": 49,
							"label": "49"
						},
						{
							"value": 50,
							"label": "50"
						},
						{
							"value": 51,
							"label": "51"
						},
						{
							"value": 52,
							"label": "52"
						},
						{
							"value": 53,
							"label": "53"
						},
						{
							"value": 54,
							"label": "54"
						},
						{
							"value": 55,
							"label": "55"
						},
						{
							"value": 56,
							"label": "56"
						},
						{
							"value": 57,
							"label": "57"
						},
						{
							"value": 58,
							"label": "58"
						},
						{
							"value": 59,
							"label": "59"
						},
						{
							"value": 60,
							"label": "60"
						},
						{
							"value": 61,
							"label": "61"
						},
						{
							"value": 62,
							"label": "62"
						},
						{
							"value": 63,
							"label": "63"
						},
						{
							"value": 64,
							"label": "64"
						},
						{
							"value": 65,
							"label": "65"
						},
						{
							"value": 66,
							"label": "66"
						},
						{
							"value": 67,
							"label": "67"
						},
						{
							"value": 68,
							"label": "68"
						},
						{
							"value": 69,
							"label": "69"
						},
						{
							"value": 70,
							"label": "70"
						},
						{
							"value": 71,
							"label": "71"
						},
						{
							"value": 72,
							"label": "72"
						},
						{
							"value": 73,
							"label": "73"
						},
						{
							"value": 74,
							"label": "74"
						},
						{
							"value": 75,
							"label": "75"
						},
						{
							"value": 76,
							"label": "76"
						},
						{
							"value": 77,
							"label": "77"
						},
						{
							"value": 78,
							"label": "78"
						},
						{
							"value": 79,
							"label": "79"
						},
						{
							"value": 80,
							"label": "80"
						},
						{
							"value": 81,
							"label": "81"
						},
						{
							"value": 82,
							"label": "82"
						},
						{
							"value": 83,
							"label": "83"
						},
						{
							"value": 84,
							"label": "84"
						},
						{
							"value": 85,
							"label": "85"
						},
						{
							"value": 86,
							"label": "86"
						},
						{
							"value": 87,
							"label": "87"
						},
						{
							"value": 88,
							"label": "88"
						},
						{
							"value": 89,
							"label": "89"
						},
						{
							"value": 90,
							"label": "90"
						},
						{
							"value": 91,
							"label": "91"
						},
						{
							"value": 92,
							"label": "92"
						},
						{
							"value": 93,
							"label": "93"
						},
						{
							"value": 94,
							"label": "94"
						},
						{
							"value": 95,
							"label": "95"
						},
						{
							"value": 96,
							"label": "96"
						},
						{
							"value": 97,
							"label": "97"
						},
						{
							"value": 98,
							"label": "98"
						},
						{
							"value": 99,
							"label": "99"
						},
						{
							"value": 100,
							"label": "100"
						}
					],
					"visibleIf": {
						"field": "systemStartupEnabled",
						"value": true
					}
				},
				{
					"id": "systemStartupDurationUnits",
					"element": "select",
					"label": "TRANSLATE.GPIO_DURATION_UNITS",
					"doc": "TRANSLATE.GPIO_DURATION_UNITS_DOC",
					"value": {
						"value": 0,
						"label": "TRANSLATE.UNITS_HOURS"
					},
					"options": [
						{
							"value": 0,
							"label": "TRANSLATE.UNITS_HOURS"
						},
						{
							"value": 1,
							"label": "TRANSLATE.UNITS_MINUTES"
						},
						{
							"value": 2,
							"label": "TRANSLATE.UNITS_SECONDS"
						},
						{
							"value": 3,
							"label": "TRANSLATE.UNITS_MILLISECONDS"
						}
					],
					"visibleIf": {
						"field": "systemStartupEnabled",
						"value": true
					}
				},
				{
					"id": "systemShutdownEnabled",
					"element": "switch",
					"label": "TRANSLATE.SYSTEM_SHUTDOWN",
					"doc": "TRANSLATE.SYSTEM_SHUTDOWN_DOC",
					"value": false
				},
				{
					"id": "systemShutdownPin",
					"element": "select",
					"label": "TRANSLATE.GPIO_PIN",
					"doc": "TRANSLATE.GPIO_PIN_DOC",
					"value": {
						"value": 0,
						"label": "0"
					},
					"options": [
						{
							"value": 2,
							"label": "2"
						},
						{
							"value": 3,
							"label": "3"
						},
						{
							"value": 4,
							"label": "4"
						},
						{
							"value": 5,
							"label": "5"
						},
						{
							"value": 6,
							"label": "6"
						},
						{
							"value": 7,
							"label": "7"
						},
						{
							"value": 8,
							"label": "8"
						},
						{
							"value": 9,
							"label": "9"
						},
						{
							"value": 10,
							"label": "10"
						},
						{
							"value": 11,
							"label": "11"
						},
						{
							"value": 12,
							"label": "12"
						},
						{
							"value": 13,
							"label": "13"
						},
						{
							"value": 14,
							"label": "14"
						},
						{
							"value": 15,
							"label": "15"
						},
						{
							"value": 16,
							"label": "16"
						},
						{
							"value": 17,
							"label": "17"
						},
						{
							"value": 18,
							"label": "18"
						},
						{
							"value": 19,
							"label": "19"
						},
						{
							"value": 20,
							"label": "20"
						},
						{
							"value": 21,
							"label": "21"
						},
						{
							"value": 22,
							"label": "22"
						},
						{
							"value": 23,
							"label": "23"
						},
						{
							"value": 24,
							"label": "24"
						},
						{
							"value": 25,
							"label": "25"
						},
						{
							"value": 26,
							"label": "26"
						},
						{
							"value": 27,
							"label": "27"
						}
					],
					"visibleIf": {
						"field": "systemShutdownEnabled",
						"value": true
					}
				},
				{
					"id": "systemShutdownState",
					"element": "select",
					"label": "TRANSLATE.GPIO_STATE",
					"doc": "TRANSLATE.GPIO_STATE_DOC",
					"value": {
						"value": 0,
						"label": "TRANSLATE.OFF"
					},
					"options": [
						{
							"value": 1,
							"label": "TRANSLATE.ON"
						},
						{
							"value": 0,
							"label": "TRANSLATE.OFF"
						}
					],
					"visibleIf": {
						"field": "systemShutdownEnabled",
						"value": true
					}
				},
				{
					"id": "systemShutdownDelay",
					"element": "select",
					"label": "TRANSLATE.GPIO_DELAY",
					"doc": "TRANSLATE.GPIO_DELAY_DOC",
					"value": {
						"value": 0,
						"label": "TRANSLATE.DELAY_NONE"
					},
					"options": [
						{
							"value": 0,
							"label": "TRANSLATE.DELAY_NONE"
						},
						{
							"value": 1,
							"label": "1"
						},
						{
							"value": 2,
							"label": "2"
						},
						{
							"value": 3,
							"label": "3"
						},
						{
							"value": 4,
							"label": "4"
						},
						{
							"value": 5,
							"label": "5"
						},
						{
							"value": 6,
							"label": "6"
						},
						{
							"value": 7,
							"label": "7"
						},
						{
							"value": 8,
							"label": "8"
						},
						{
							"value": 9,
							"label": "9"
						},
						{
							"value": 10,
							"label": "10"
						},
						{
							"value": 11,
							"label": "11"
						},
						{
							"value": 12,
							"label": "12"
						},
						{
							"value": 13,
							"label": "13"
						},
						{
							"value": 14,
							"label": "14"
						},
						{
							"value": 15,
							"label": "15"
						},
						{
							"value": 16,
							"label": "16"
						},
						{
							"value": 17,
							"label": "17"
						},
						{
							"value": 18,
							"label": "18"
						},
						{
							"value": 19,
							"label": "19"
						},
						{
							"value": 20,
							"label": "20"
						},
						{
							"value": 21,
							"label": "21"
						},
						{
							"value": 22,
							"label": "22"
						},
						{
							"value": 23,
							"label": "23"
						},
						{
							"value": 24,
							"label": "24"
						},
						{
							"value": 25,
							"label": "25"
						},
						{
							"value": 26,
							"label": "26"
						},
						{
							"value": 27,
							"label": "27"
						},
						{
							"value": 28,
							"label": "28"
						},
						{
							"value": 29,
							"label": "29"
						},
						{
							"value": 30,
							"label": "30"
						},
						{
							"value": 31,
							"label": "31"
						},
						{
							"value": 32,
							"label": "32"
						},
						{
							"value": 33,
							"label": "33"
						},
						{
							"value": 34,
							"label": "34"
						},
						{
							"value": 35,
							"label": "35"
						},
						{
							"value": 36,
							"label": "36"
						},
						{
							"value": 37,
							"label": "37"
						},
						{
							"value": 38,
							"label": "38"
						},
						{
							"value": 39,
							"label": "39"
						},
						{
							"value": 40,
							"label": "40"
						},
						{
							"value": 41,
							"label": "41"
						},
						{
							"value": 42,
							"label": "42"
						},
						{
							"value": 43,
							"label": "43"
						},
						{
							"value": 44,
							"label": "44"
						},
						{
							"value": 45,
							"label": "45"
						},
						{
							"value": 46,
							"label": "46"
						},
						{
							"value": 47,
							"label": "47"
						},
						{
							"value": 48,
							"label": "48"
						},
						{
							"value": 49,
							"label": "49"
						},
						{
							"value": 50,
							"label": "50"
						},
						{
							"value": 51,
							"label": "51"
						},
						{
							"value": 52,
							"label": "52"
						},
						{
							"value": 53,
							"label": "53"
						},
						{
							"value": 54,
							"label": "54"
						},
						{
							"value": 55,
							"label": "55"
						},
						{
							"value": 56,
							"label": "56"
						},
						{
							"value": 57,
							"label": "57"
						},
						{
							"value": 58,
							"label": "58"
						},
						{
							"value": 59,
							"label": "59"
						},
						{
							"value": 60,
							"label": "60"
						},
						{
							"value": 61,
							"label": "61"
						},
						{
							"value": 62,
							"label": "62"
						},
						{
							"value": 63,
							"label": "63"
						},
						{
							"value": 64,
							"label": "64"
						},
						{
							"value": 65,
							"label": "65"
						},
						{
							"value": 66,
							"label": "66"
						},
						{
							"value": 67,
							"label": "67"
						},
						{
							"value": 68,
							"label": "68"
						},
						{
							"value": 69,
							"label": "69"
						},
						{
							"value": 70,
							"label": "70"
						},
						{
							"value": 71,
							"label": "71"
						},
						{
							"value": 72,
							"label": "72"
						},
						{
							"value": 73,
							"label": "73"
						},
						{
							"value": 74,
							"label": "74"
						},
						{
							"value": 75,
							"label": "75"
						},
						{
							"value": 76,
							"label": "76"
						},
						{
							"value": 77,
							"label": "77"
						},
						{
							"value": 78,
							"label": "78"
						},
						{
							"value": 79,
							"label": "79"
						},
						{
							"value": 80,
							"label": "80"
						},
						{
							"value": 81,
							"label": "81"
						},
						{
							"value": 82,
							"label": "82"
						},
						{
							"value": 83,
							"label": "83"
						},
						{
							"value": 84,
							"label": "84"
						},
						{
							"value": 85,
							"label": "85"
						},
						{
							"value": 86,
							"label": "86"
						},
						{
							"value": 87,
							"label": "87"
						},
						{
							"value": 88,
							"label": "88"
						},
						{
							"value": 89,
							"label": "89"
						},
						{
							"value": 90,
							"label": "90"
						},
						{
							"value": 91,
							"label": "91"
						},
						{
							"value": 92,
							"label": "92"
						},
						{
							"value": 93,
							"label": "93"
						},
						{
							"value": 94,
							"label": "94"
						},
						{
							"value": 95,
							"label": "95"
						},
						{
							"value": 96,
							"label": "96"
						},
						{
							"value": 97,
							"label": "97"
						},
						{
							"value": 98,
							"label": "98"
						},
						{
							"value": 99,
							"label": "99"
						},
						{
							"value": 100,
							"label": "100"
						}
					],
					"visibleIf": {
						"field": "systemShutdownEnabled",
						"value": true
					}
				},
				{
					"id": "systemShutdownDelayUnits",
					"element": "select",
					"label": "TRANSLATE.GPIO_DELAY_UNITS",
					"doc": "TRANSLATE.GPIO_DELAY_UNITS_DOC",
					"value": {
						"value": 0,
						"label": "TRANSLATE.UNITS_HOURS"
					},
					"options": [
						{
							"value": 0,
							"label": "TRANSLATE.UNITS_HOURS"
						},
						{
							"value": 1,
							"label": "TRANSLATE.UNITS_MINUTES"
						},
						{
							"value": 2,
							"label": "TRANSLATE.UNITS_SECONDS"
						},
						{
							"value": 3,
							"label": "TRANSLATE.UNITS_MILLISECONDS"
						}
					],
					"visibleIf": {
						"field": "systemShutdownEnabled",
						"value": true
					}
				},
				{
					"id": "systemShutdownDuration",
					"element": "select",
					"label": "TRANSLATE.GPIO_DURATION",
					"doc": "TRANSLATE.GPIO_DURATION_DOC",
					"value": {
						"value": 0,
						"label": "TRANSLATE.DURATION_NONE"
					},
					"options": [
						{
							"value": 0,
							"label": "TRANSLATE.DURATION_NONE"
						},
						{
							"value": 1,
							"label": "1"
						},
						{
							"value": 2,
							"label": "2"
						},
						{
							"value": 3,
							"label": "3"
						},
						{
							"value": 4,
							"label": "4"
						},
						{
							"value": 5,
							"label": "5"
						},
						{
							"value": 6,
							"label": "6"
						},
						{
							"value": 7,
							"label": "7"
						},
						{
							"value": 8,
							"label": "8"
						},
						{
							"value": 9,
							"label": "9"
						},
						{
							"value": 10,
							"label": "10"
						},
						{
							"value": 11,
							"label": "11"
						},
						{
							"value": 12,
							"label": "12"
						},
						{
							"value": 13,
							"label": "13"
						},
						{
							"value": 14,
							"label": "14"
						},
						{
							"value": 15,
							"label": "15"
						},
						{
							"value": 16,
							"label": "16"
						},
						{
							"value": 17,
							"label": "17"
						},
						{
							"value": 18,
							"label": "18"
						},
						{
							"value": 19,
							"label": "19"
						},
						{
							"value": 20,
							"label": "20"
						},
						{
							"value": 21,
							"label": "21"
						},
						{
							"value": 22,
							"label": "22"
						},
						{
							"value": 23,
							"label": "23"
						},
						{
							"value": 24,
							"label": "24"
						},
						{
							"value": 25,
							"label": "25"
						},
						{
							"value": 26,
							"label": "26"
						},
						{
							"value": 27,
							"label": "27"
						},
						{
							"value": 28,
							"label": "28"
						},
						{
							"value": 29,
							"label": "29"
						},
						{
							"value": 30,
							"label": "30"
						},
						{
							"value": 31,
							"label": "31"
						},
						{
							"value": 32,
							"label": "32"
						},
						{
							"value": 33,
							"label": "33"
						},
						{
							"value": 34,
							"label": "34"
						},
						{
							"value": 35,
							"label": "35"
						},
						{
							"value": 36,
							"label": "36"
						},
						{
							"value": 37,
							"label": "37"
						},
						{
							"value": 38,
							"label": "38"
						},
						{
							"value": 39,
							"label": "39"
						},
						{
							"value": 40,
							"label": "40"
						},
						{
							"value": 41,
							"label": "41"
						},
						{
							"value": 42,
							"label": "42"
						},
						{
							"value": 43,
							"label": "43"
						},
						{
							"value": 44,
							"label": "44"
						},
						{
							"value": 45,
							"label": "45"
						},
						{
							"value": 46,
							"label": "46"
						},
						{
							"value": 47,
							"label": "47"
						},
						{
							"value": 48,
							"label": "48"
						},
						{
							"value": 49,
							"label": "49"
						},
						{
							"value": 50,
							"label": "50"
						},
						{
							"value": 51,
							"label": "51"
						},
						{
							"value": 52,
							"label": "52"
						},
						{
							"value": 53,
							"label": "53"
						},
						{
							"value": 54,
							"label": "54"
						},
						{
							"value": 55,
							"label": "55"
						},
						{
							"value": 56,
							"label": "56"
						},
						{
							"value": 57,
							"label": "57"
						},
						{
							"value": 58,
							"label": "58"
						},
						{
							"value": 59,
							"label": "59"
						},
						{
							"value": 60,
							"label": "60"
						},
						{
							"value": 61,
							"label": "61"
						},
						{
							"value": 62,
							"label": "62"
						},
						{
							"value": 63,
							"label": "63"
						},
						{
							"value": 64,
							"label": "64"
						},
						{
							"value": 65,
							"label": "65"
						},
						{
							"value": 66,
							"label": "66"
						},
						{
							"value": 67,
							"label": "67"
						},
						{
							"value": 68,
							"label": "68"
						},
						{
							"value": 69,
							"label": "69"
						},
						{
							"value": 70,
							"label": "70"
						},
						{
							"value": 71,
							"label": "71"
						},
						{
							"value": 72,
							"label": "72"
						},
						{
							"value": 73,
							"label": "73"
						},
						{
							"value": 74,
							"label": "74"
						},
						{
							"value": 75,
							"label": "75"
						},
						{
							"value": 76,
							"label": "76"
						},
						{
							"value": 77,
							"label": "77"
						},
						{
							"value": 78,
							"label": "78"
						},
						{
							"value": 79,
							"label": "79"
						},
						{
							"value": 80,
							"label": "80"
						},
						{
							"value": 81,
							"label": "81"
						},
						{
							"value": 82,
							"label": "82"
						},
						{
							"value": 83,
							"label": "83"
						},
						{
							"value": 84,
							"label": "84"
						},
						{
							"value": 85,
							"label": "85"
						},
						{
							"value": 86,
							"label": "86"
						},
						{
							"value": 87,
							"label": "87"
						},
						{
							"value": 88,
							"label": "88"
						},
						{
							"value": 89,
							"label": "89"
						},
						{
							"value": 90,
							"label": "90"
						},
						{
							"value": 91,
							"label": "91"
						},
						{
							"value": 92,
							"label": "92"
						},
						{
							"value": 93,
							"label": "93"
						},
						{
							"value": 94,
							"label": "94"
						},
						{
							"value": 95,
							"label": "95"
						},
						{
							"value": 96,
							"label": "96"
						},
						{
							"value": 97,
							"label": "97"
						},
						{
							"value": 98,
							"label": "98"
						},
						{
							"value": 99,
							"label": "99"
						},
						{
							"value": 100,
							"label": "100"
						}
					],
					"visibleIf": {
						"field": "systemShutdownEnabled",
						"value": true
					}
				},
				{
					"id": "systemShutdownDurationUnits",
					"element": "select",
					"label": "TRANSLATE.GPIO_DURATION_UNITS",
					"doc": "TRANSLATE.GPIO_DURATION_UNITS_DOC",
					"value": {
						"value": 0,
						"label": "TRANSLATE.UNITS_HOURS"
					},
					"options": [
						{
							"value": 0,
							"label": "TRANSLATE.UNITS_HOURS"
						},
						{
							"value": 1,
							"label": "TRANSLATE.UNITS_MINUTES"
						},
						{
							"value": 2,
							"label": "TRANSLATE.UNITS_SECONDS"
						},
						{
							"value": 3,
							"label": "TRANSLATE.UNITS_MILLISECONDS"
						}
					],
					"visibleIf": {
						"field": "systemShutdownEnabled",
						"value": true
					}
				},
				{
					"id": "musicPlayEnabled",
					"element": "switch",
					"label": "TRANSLATE.MUSIC_PLAY",
					"doc": "TRANSLATE.MUSIC_PLAY_DOC",
					"value": false
				},
				{
					"id": "musicPlayPin",
					"element": "select",
					"label": "TRANSLATE.GPIO_PIN",
					"doc": "TRANSLATE.GPIO_PIN_DOC",
					"value": {
						"value": 0,
						"label": "0"
					},
					"options": [
						{
							"value": 2,
							"label": "2"
						},
						{
							"value": 3,
							"label": "3"
						},
						{
							"value": 4,
							"label": "4"
						},
						{
							"value": 5,
							"label": "5"
						},
						{
							"value": 6,
							"label": "6"
						},
						{
							"value": 7,
							"label": "7"
						},
						{
							"value": 8,
							"label": "8"
						},
						{
							"value": 9,
							"label": "9"
						},
						{
							"value": 10,
							"label": "10"
						},
						{
							"value": 11,
							"label": "11"
						},
						{
							"value": 12,
							"label": "12"
						},
						{
							"value": 13,
							"label": "13"
						},
						{
							"value": 14,
							"label": "14"
						},
						{
							"value": 15,
							"label": "15"
						},
						{
							"value": 16,
							"label": "16"
						},
						{
							"value": 17,
							"label": "17"
						},
						{
							"value": 18,
							"label": "18"
						},
						{
							"value": 19,
							"label": "19"
						},
						{
							"value": 20,
							"label": "20"
						},
						{
							"value": 21,
							"label": "21"
						},
						{
							"value": 22,
							"label": "22"
						},
						{
							"value": 23,
							"label": "23"
						},
						{
							"value": 24,
							"label": "24"
						},
						{
							"value": 25,
							"label": "25"
						},
						{
							"value": 26,
							"label": "26"
						},
						{
							"value": 27,
							"label": "27"
						}
					],
					"visibleIf": {
						"field": "musicPlayEnabled",
						"value": true
					}
				},
				{
					"id": "musicPlayState",
					"element": "select",
					"label": "TRANSLATE.GPIO_STATE",
					"doc": "TRANSLATE.GPIO_STATE_DOC",
					"value": {
						"value": 0,
						"label": "TRANSLATE.OFF"
					},
					"options": [
						{
							"value": 1,
							"label": "TRANSLATE.ON"
						},
						{
							"value": 0,
							"label": "TRANSLATE.OFF"
						}
					],
					"visibleIf": {
						"field": "musicPlayEnabled",
						"value": true
					}
				},
				{
					"id": "musicPlayDelay",
					"element": "select",
					"label": "TRANSLATE.GPIO_DELAY",
					"doc": "TRANSLATE.GPIO_DELAY_DOC",
					"value": {
						"value": 0,
						"label": "TRANSLATE.DELAY_NONE"
					},
					"options": [
						{
							"value": 0,
							"label": "TRANSLATE.DELAY_NONE"
						},
						{
							"value": 1,
							"label": "1"
						},
						{
							"value": 2,
							"label": "2"
						},
						{
							"value": 3,
							"label": "3"
						},
						{
							"value": 4,
							"label": "4"
						},
						{
							"value": 5,
							"label": "5"
						},
						{
							"value": 6,
							"label": "6"
						},
						{
							"value": 7,
							"label": "7"
						},
						{
							"value": 8,
							"label": "8"
						},
						{
							"value": 9,
							"label": "9"
						},
						{
							"value": 10,
							"label": "10"
						},
						{
							"value": 11,
							"label": "11"
						},
						{
							"value": 12,
							"label": "12"
						},
						{
							"value": 13,
							"label": "13"
						},
						{
							"value": 14,
							"label": "14"
						},
						{
							"value": 15,
							"label": "15"
						},
						{
							"value": 16,
							"label": "16"
						},
						{
							"value": 17,
							"label": "17"
						},
						{
							"value": 18,
							"label": "18"
						},
						{
							"value": 19,
							"label": "19"
						},
						{
							"value": 20,
							"label": "20"
						},
						{
							"value": 21,
							"label": "21"
						},
						{
							"value": 22,
							"label": "22"
						},
						{
							"value": 23,
							"label": "23"
						},
						{
							"value": 24,
							"label": "24"
						},
						{
							"value": 25,
							"label": "25"
						},
						{
							"value": 26,
							"label": "26"
						},
						{
							"value": 27,
							"label": "27"
						},
						{
							"value": 28,
							"label": "28"
						},
						{
							"value": 29,
							"label": "29"
						},
						{
							"value": 30,
							"label": "30"
						},
						{
							"value": 31,
							"label": "31"
						},
						{
							"value": 32,
							"label": "32"
						},
						{
							"value": 33,
							"label": "33"
						},
						{
							"value": 34,
							"label": "34"
						},
						{
							"value": 35,
							"label": "35"
						},
						{
							"value": 36,
							"label": "36"
						},
						{
							"value": 37,
							"label": "37"
						},
						{
							"value": 38,
							"label": "38"
						},
						{
							"value": 39,
							"label": "39"
						},
						{
							"value": 40,
							"label": "40"
						},
						{
							"value": 41,
							"label": "41"
						},
						{
							"value": 42,
							"label": "42"
						},
						{
							"value": 43,
							"label": "43"
						},
						{
							"value": 44,
							"label": "44"
						},
						{
							"value": 45,
							"label": "45"
						},
						{
							"value": 46,
							"label": "46"
						},
						{
							"value": 47,
							"label": "47"
						},
						{
							"value": 48,
							"label": "48"
						},
						{
							"value": 49,
							"label": "49"
						},
						{
							"value": 50,
							"label": "50"
						},
						{
							"value": 51,
							"label": "51"
						},
						{
							"value": 52,
							"label": "52"
						},
						{
							"value": 53,
							"label": "53"
						},
						{
							"value": 54,
							"label": "54"
						},
						{
							"value": 55,
							"label": "55"
						},
						{
							"value": 56,
							"label": "56"
						},
						{
							"value": 57,
							"label": "57"
						},
						{
							"value": 58,
							"label": "58"
						},
						{
							"value": 59,
							"label": "59"
						},
						{
							"value": 60,
							"label": "60"
						},
						{
							"value": 61,
							"label": "61"
						},
						{
							"value": 62,
							"label": "62"
						},
						{
							"value": 63,
							"label": "63"
						},
						{
							"value": 64,
							"label": "64"
						},
						{
							"value": 65,
							"label": "65"
						},
						{
							"value": 66,
							"label": "66"
						},
						{
							"value": 67,
							"label": "67"
						},
						{
							"value": 68,
							"label": "68"
						},
						{
							"value": 69,
							"label": "69"
						},
						{
							"value": 70,
							"label": "70"
						},
						{
							"value": 71,
							"label": "71"
						},
						{
							"value": 72,
							"label": "72"
						},
						{
							"value": 73,
							"label": "73"
						},
						{
							"value": 74,
							"label": "74"
						},
						{
							"value": 75,
							"label": "75"
						},
						{
							"value": 76,
							"label": "76"
						},
						{
							"value": 77,
							"label": "77"
						},
						{
							"value": 78,
							"label": "78"
						},
						{
							"value": 79,
							"label": "79"
						},
						{
							"value": 80,
							"label": "80"
						},
						{
							"value": 81,
							"label": "81"
						},
						{
							"value": 82,
							"label": "82"
						},
						{
							"value": 83,
							"label": "83"
						},
						{
							"value": 84,
							"label": "84"
						},
						{
							"value": 85,
							"label": "85"
						},
						{
							"value": 86,
							"label": "86"
						},
						{
							"value": 87,
							"label": "87"
						},
						{
							"value": 88,
							"label": "88"
						},
						{
							"value": 89,
							"label": "89"
						},
						{
							"value": 90,
							"label": "90"
						},
						{
							"value": 91,
							"label": "91"
						},
						{
							"value": 92,
							"label": "92"
						},
						{
							"value": 93,
							"label": "93"
						},
						{
							"value": 94,
							"label": "94"
						},
						{
							"value": 95,
							"label": "95"
						},
						{
							"value": 96,
							"label": "96"
						},
						{
							"value": 97,
							"label": "97"
						},
						{
							"value": 98,
							"label": "98"
						},
						{
							"value": 99,
							"label": "99"
						},
						{
							"value": 100,
							"label": "100"
						}
					],
					"visibleIf": {
						"field": "musicPlayEnabled",
						"value": true
					}
				},
				{
					"id": "musicPlayDelayUnits",
					"element": "select",
					"label": "TRANSLATE.GPIO_DELAY_UNITS",
					"doc": "TRANSLATE.GPIO_DELAY_UNITS_DOC",
					"value": {
						"value": 0,
						"label": "TRANSLATE.UNITS_HOURS"
					},
					"options": [
						{
							"value": 0,
							"label": "TRANSLATE.UNITS_HOURS"
						},
						{
							"value": 1,
							"label": "TRANSLATE.UNITS_MINUTES"
						},
						{
							"value": 2,
							"label": "TRANSLATE.UNITS_SECONDS"
						},
						{
							"value": 3,
							"label": "TRANSLATE.UNITS_MILLISECONDS"
						}
					],
					"visibleIf": {
						"field": "musicPlayEnabled",
						"value": true
					}
				},
				{
					"id": "musicPlayDuration",
					"element": "select",
					"label": "TRANSLATE.GPIO_DURATION",
					"doc": "TRANSLATE.GPIO_DURATION_DOC",
					"value": {
						"value": 0,
						"label": "TRANSLATE.DURATION_NONE"
					},
					"options": [
						{
							"value": 0,
							"label": "TRANSLATE.DURATION_NONE"
						},
						{
							"value": 1,
							"label": "1"
						},
						{
							"value": 2,
							"label": "2"
						},
						{
							"value": 3,
							"label": "3"
						},
						{
							"value": 4,
							"label": "4"
						},
						{
							"value": 5,
							"label": "5"
						},
						{
							"value": 6,
							"label": "6"
						},
						{
							"value": 7,
							"label": "7"
						},
						{
							"value": 8,
							"label": "8"
						},
						{
							"value": 9,
							"label": "9"
						},
						{
							"value": 10,
							"label": "10"
						},
						{
							"value": 11,
							"label": "11"
						},
						{
							"value": 12,
							"label": "12"
						},
						{
							"value": 13,
							"label": "13"
						},
						{
							"value": 14,
							"label": "14"
						},
						{
							"value": 15,
							"label": "15"
						},
						{
							"value": 16,
							"label": "16"
						},
						{
							"value": 17,
							"label": "17"
						},
						{
							"value": 18,
							"label": "18"
						},
						{
							"value": 19,
							"label": "19"
						},
						{
							"value": 20,
							"label": "20"
						},
						{
							"value": 21,
							"label": "21"
						},
						{
							"value": 22,
							"label": "22"
						},
						{
							"value": 23,
							"label": "23"
						},
						{
							"value": 24,
							"label": "24"
						},
						{
							"value": 25,
							"label": "25"
						},
						{
							"value": 26,
							"label": "26"
						},
						{
							"value": 27,
							"label": "27"
						},
						{
							"value": 28,
							"label": "28"
						},
						{
							"value": 29,
							"label": "29"
						},
						{
							"value": 30,
							"label": "30"
						},
						{
							"value": 31,
							"label": "31"
						},
						{
							"value": 32,
							"label": "32"
						},
						{
							"value": 33,
							"label": "33"
						},
						{
							"value": 34,
							"label": "34"
						},
						{
							"value": 35,
							"label": "35"
						},
						{
							"value": 36,
							"label": "36"
						},
						{
							"value": 37,
							"label": "37"
						},
						{
							"value": 38,
							"label": "38"
						},
						{
							"value": 39,
							"label": "39"
						},
						{
							"value": 40,
							"label": "40"
						},
						{
							"value": 41,
							"label": "41"
						},
						{
							"value": 42,
							"label": "42"
						},
						{
							"value": 43,
							"label": "43"
						},
						{
							"value": 44,
							"label": "44"
						},
						{
							"value": 45,
							"label": "45"
						},
						{
							"value": 46,
							"label": "46"
						},
						{
							"value": 47,
							"label": "47"
						},
						{
							"value": 48,
							"label": "48"
						},
						{
							"value": 49,
							"label": "49"
						},
						{
							"value": 50,
							"label": "50"
						},
						{
							"value": 51,
							"label": "51"
						},
						{
							"value": 52,
							"label": "52"
						},
						{
							"value": 53,
							"label": "53"
						},
						{
							"value": 54,
							"label": "54"
						},
						{
							"value": 55,
							"label": "55"
						},
						{
							"value": 56,
							"label": "56"
						},
						{
							"value": 57,
							"label": "57"
						},
						{
							"value": 58,
							"label": "58"
						},
						{
							"value": 59,
							"label": "59"
						},
						{
							"value": 60,
							"label": "60"
						},
						{
							"value": 61,
							"label": "61"
						},
						{
							"value": 62,
							"label": "62"
						},
						{
							"value": 63,
							"label": "63"
						},
						{
							"value": 64,
							"label": "64"
						},
						{
							"value": 65,
							"label": "65"
						},
						{
							"value": 66,
							"label": "66"
						},
						{
							"value": 67,
							"label": "67"
						},
						{
							"value": 68,
							"label": "68"
						},
						{
							"value": 69,
							"label": "69"
						},
						{
							"value": 70,
							"label": "70"
						},
						{
							"value": 71,
							"label": "71"
						},
						{
							"value": 72,
							"label": "72"
						},
						{
							"value": 73,
							"label": "73"
						},
						{
							"value": 74,
							"label": "74"
						},
						{
							"value": 75,
							"label": "75"
						},
						{
							"value": 76,
							"label": "76"
						},
						{
							"value": 77,
							"label": "77"
						},
						{
							"value": 78,
							"label": "78"
						},
						{
							"value": 79,
							"label": "79"
						},
						{
							"value": 80,
							"label": "80"
						},
						{
							"value": 81,
							"label": "81"
						},
						{
							"value": 82,
							"label": "82"
						},
						{
							"value": 83,
							"label": "83"
						},
						{
							"value": 84,
							"label": "84"
						},
						{
							"value": 85,
							"label": "85"
						},
						{
							"value": 86,
							"label": "86"
						},
						{
							"value": 87,
							"label": "87"
						},
						{
							"value": 88,
							"label": "88"
						},
						{
							"value": 89,
							"label": "89"
						},
						{
							"value": 90,
							"label": "90"
						},
						{
							"value": 91,
							"label": "91"
						},
						{
							"value": 92,
							"label": "92"
						},
						{
							"value": 93,
							"label": "93"
						},
						{
							"value": 94,
							"label": "94"
						},
						{
							"value": 95,
							"label": "95"
						},
						{
							"value": 96,
							"label": "96"
						},
						{
							"value": 97,
							"label": "97"
						},
						{
							"value": 98,
							"label": "98"
						},
						{
							"value": 99,
							"label": "99"
						},
						{
							"value": 100,
							"label": "100"
						}
					],
					"visibleIf": {
						"field": "musicPlayEnabled",
						"value": true
					}
				},
				{
					"id": "musicPlayDurationUnits",
					"element": "select",
					"label": "TRANSLATE.GPIO_DURATION_UNITS",
					"doc": "TRANSLATE.GPIO_DURATION_UNITS_DOC",
					"value": {
						"value": 0,
						"label": "TRANSLATE.UNITS_HOURS"
					},
					"options": [
						{
							"value": 0,
							"label": "TRANSLATE.UNITS_HOURS"
						},
						{
							"value": 1,
							"label": "TRANSLATE.UNITS_MINUTES"
						},
						{
							"value": 2,
							"label": "TRANSLATE.UNITS_SECONDS"
						},
						{
							"value": 3,
							"label": "TRANSLATE.UNITS_MILLISECONDS"
						}
					],
					"visibleIf": {
						"field": "musicPlayEnabled",
						"value": true
					}
				},
				{
					"id": "musicPauseEnabled",
					"element": "switch",
					"label": "TRANSLATE.MUSIC_PAUSE",
					"doc": "TRANSLATE.MUSIC_PAUSE_DOC",
					"value": false
				},
				{
					"id": "musicPausePin",
					"element": "select",
					"label": "TRANSLATE.GPIO_PIN",
					"doc": "TRANSLATE.GPIO_PIN_DOC",
					"value": {
						"value": 0,
						"label": "0"
					},
					"options": [
						{
							"value": 2,
							"label": "2"
						},
						{
							"value": 3,
							"label": "3"
						},
						{
							"value": 4,
							"label": "4"
						},
						{
							"value": 5,
							"label": "5"
						},
						{
							"value": 6,
							"label": "6"
						},
						{
							"value": 7,
							"label": "7"
						},
						{
							"value": 8,
							"label": "8"
						},
						{
							"value": 9,
							"label": "9"
						},
						{
							"value": 10,
							"label": "10"
						},
						{
							"value": 11,
							"label": "11"
						},
						{
							"value": 12,
							"label": "12"
						},
						{
							"value": 13,
							"label": "13"
						},
						{
							"value": 14,
							"label": "14"
						},
						{
							"value": 15,
							"label": "15"
						},
						{
							"value": 16,
							"label": "16"
						},
						{
							"value": 17,
							"label": "17"
						},
						{
							"value": 18,
							"label": "18"
						},
						{
							"value": 19,
							"label": "19"
						},
						{
							"value": 20,
							"label": "20"
						},
						{
							"value": 21,
							"label": "21"
						},
						{
							"value": 22,
							"label": "22"
						},
						{
							"value": 23,
							"label": "23"
						},
						{
							"value": 24,
							"label": "24"
						},
						{
							"value": 25,
							"label": "25"
						},
						{
							"value": 26,
							"label": "26"
						},
						{
							"value": 27,
							"label": "27"
						}
					],
					"visibleIf": {
						"field": "musicPauseEnabled",
						"value": true
					}
				},
				{
					"id": "musicPauseState",
					"element": "select",
					"label": "TRANSLATE.GPIO_STATE",
					"doc": "TRANSLATE.GPIO_STATE_DOC",
					"value": {
						"value": 0,
						"label": "TRANSLATE.OFF"
					},
					"options": [
						{
							"value": 1,
							"label": "TRANSLATE.ON"
						},
						{
							"value": 0,
							"label": "TRANSLATE.OFF"
						}
					],
					"visibleIf": {
						"field": "musicPauseEnabled",
						"value": true
					}
				},
				{
					"id": "musicPauseDelay",
					"element": "select",
					"label": "TRANSLATE.GPIO_DELAY",
					"doc": "TRANSLATE.GPIO_DELAY_DOC",
					"value": {
						"value": 0,
						"label": "TRANSLATE.DELAY_NONE"
					},
					"options": [
						{
							"value": 0,
							"label": "TRANSLATE.DELAY_NONE"
						},
						{
							"value": 1,
							"label": "1"
						},
						{
							"value": 2,
							"label": "2"
						},
						{
							"value": 3,
							"label": "3"
						},
						{
							"value": 4,
							"label": "4"
						},
						{
							"value": 5,
							"label": "5"
						},
						{
							"value": 6,
							"label": "6"
						},
						{
							"value": 7,
							"label": "7"
						},
						{
							"value": 8,
							"label": "8"
						},
						{
							"value": 9,
							"label": "9"
						},
						{
							"value": 10,
							"label": "10"
						},
						{
							"value": 11,
							"label": "11"
						},
						{
							"value": 12,
							"label": "12"
						},
						{
							"value": 13,
							"label": "13"
						},
						{
							"value": 14,
							"label": "14"
						},
						{
							"value": 15,
							"label": "15"
						},
						{
							"value": 16,
							"label": "16"
						},
						{
							"value": 17,
							"label": "17"
						},
						{
							"value": 18,
							"label": "18"
						},
						{
							"value": 19,
							"label": "19"
						},
						{
							"value": 20,
							"label": "20"
						},
						{
							"value": 21,
							"label": "21"
						},
						{
							"value": 22,
							"label": "22"
						},
						{
							"value": 23,
							"label": "23"
						},
						{
							"value": 24,
							"label": "24"
						},
						{
							"value": 25,
							"label": "25"
						},
						{
							"value": 26,
							"label": "26"
						},
						{
							"value": 27,
							"label": "27"
						},
						{
							"value": 28,
							"label": "28"
						},
						{
							"value": 29,
							"label": "29"
						},
						{
							"value": 30,
							"label": "30"
						},
						{
							"value": 31,
							"label": "31"
						},
						{
							"value": 32,
							"label": "32"
						},
						{
							"value": 33,
							"label": "33"
						},
						{
							"value": 34,
							"label": "34"
						},
						{
							"value": 35,
							"label": "35"
						},
						{
							"value": 36,
							"label": "36"
						},
						{
							"value": 37,
							"label": "37"
						},
						{
							"value": 38,
							"label": "38"
						},
						{
							"value": 39,
							"label": "39"
						},
						{
							"value": 40,
							"label": "40"
						},
						{
							"value": 41,
							"label": "41"
						},
						{
							"value": 42,
							"label": "42"
						},
						{
							"value": 43,
							"label": "43"
						},
						{
							"value": 44,
							"label": "44"
						},
						{
							"value": 45,
							"label": "45"
						},
						{
							"value": 46,
							"label": "46"
						},
						{
							"value": 47,
							"label": "47"
						},
						{
							"value": 48,
							"label": "48"
						},
						{
							"value": 49,
							"label": "49"
						},
						{
							"value": 50,
							"label": "50"
						},
						{
							"value": 51,
							"label": "51"
						},
						{
							"value": 52,
							"label": "52"
						},
						{
							"value": 53,
							"label": "53"
						},
						{
							"value": 54,
							"label": "54"
						},
						{
							"value": 55,
							"label": "55"
						},
						{
							"value": 56,
							"label": "56"
						},
						{
							"value": 57,
							"label": "57"
						},
						{
							"value": 58,
							"label": "58"
						},
						{
							"value": 59,
							"label": "59"
						},
						{
							"value": 60,
							"label": "60"
						},
						{
							"value": 61,
							"label": "61"
						},
						{
							"value": 62,
							"label": "62"
						},
						{
							"value": 63,
							"label": "63"
						},
						{
							"value": 64,
							"label": "64"
						},
						{
							"value": 65,
							"label": "65"
						},
						{
							"value": 66,
							"label": "66"
						},
						{
							"value": 67,
							"label": "67"
						},
						{
							"value": 68,
							"label": "68"
						},
						{
							"value": 69,
							"label": "69"
						},
						{
							"value": 70,
							"label": "70"
						},
						{
							"value": 71,
							"label": "71"
						},
						{
							"value": 72,
							"label": "72"
						},
						{
							"value": 73,
							"label": "73"
						},
						{
							"value": 74,
							"label": "74"
						},
						{
							"value": 75,
							"label": "75"
						},
						{
							"value": 76,
							"label": "76"
						},
						{
							"value": 77,
							"label": "77"
						},
						{
							"value": 78,
							"label": "78"
						},
						{
							"value": 79,
							"label": "79"
						},
						{
							"value": 80,
							"label": "80"
						},
						{
							"value": 81,
							"label": "81"
						},
						{
							"value": 82,
							"label": "82"
						},
						{
							"value": 83,
							"label": "83"
						},
						{
							"value": 84,
							"label": "84"
						},
						{
							"value": 85,
							"label": "85"
						},
						{
							"value": 86,
							"label": "86"
						},
						{
							"value": 87,
							"label": "87"
						},
						{
							"value": 88,
							"label": "88"
						},
						{
							"value": 89,
							"label": "89"
						},
						{
							"value": 90,
							"label": "90"
						},
						{
							"value": 91,
							"label": "91"
						},
						{
							"value": 92,
							"label": "92"
						},
						{
							"value": 93,
							"label": "93"
						},
						{
							"value": 94,
							"label": "94"
						},
						{
							"value": 95,
							"label": "95"
						},
						{
							"value": 96,
							"label": "96"
						},
						{
							"value": 97,
							"label": "97"
						},
						{
							"value": 98,
							"label": "98"
						},
						{
							"value": 99,
							"label": "99"
						},
						{
							"value": 100,
							"label": "100"
						}
					],
					"visibleIf": {
						"field": "musicPauseEnabled",
						"value": true
					}
				},
				{
					"id": "musicPauseDelayUnits",
					"element": "select",
					"label": "TRANSLATE.GPIO_DELAY_UNITS",
					"doc": "TRANSLATE.GPIO_DELAY_UNITS_DOC",
					"value": {
						"value": 0,
						"label": "TRANSLATE.UNITS_HOURS"
					},
					"options": [
						{
							"value": 0,
							"label": "TRANSLATE.UNITS_HOURS"
						},
						{
							"value": 1,
							"label": "TRANSLATE.UNITS_MINUTES"
						},
						{
							"value": 2,
							"label": "TRANSLATE.UNITS_SECONDS"
						},
						{
							"value": 3,
							"label": "TRANSLATE.UNITS_MILLISECONDS"
						}
					],
					"visibleIf": {
						"field": "musicPauseEnabled",
						"value": true
					}
				},
				{
					"id": "musicPauseDuration",
					"element": "select",
					"label": "TRANSLATE.GPIO_DURATION",
					"doc": "TRANSLATE.GPIO_DURATION_DOC",
					"value": {
						"value": 0,
						"label": "TRANSLATE.DURATION_NONE"
					},
					"options": [
						{
							"value": 0,
							"label": "TRANSLATE.DURATION_NONE"
						},
						{
							"value": 1,
							"label": "1"
						},
						{
							"value": 2,
							"label": "2"
						},
						{
							"value": 3,
							"label": "3"
						},
						{
							"value": 4,
							"label": "4"
						},
						{
							"value": 5,
							"label": "5"
						},
						{
							"value": 6,
							"label": "6"
						},
						{
							"value": 7,
							"label": "7"
						},
						{
							"value": 8,
							"label": "8"
						},
						{
							"value": 9,
							"label": "9"
						},
						{
							"value": 10,
							"label": "10"
						},
						{
							"value": 11,
							"label": "11"
						},
						{
							"value": 12,
							"label": "12"
						},
						{
							"value": 13,
							"label": "13"
						},
						{
							"value": 14,
							"label": "14"
						},
						{
							"value": 15,
							"label": "15"
						},
						{
							"value": 16,
							"label": "16"
						},
						{
							"value": 17,
							"label": "17"
						},
						{
							"value": 18,
							"label": "18"
						},
						{
							"value": 19,
							"label": "19"
						},
						{
							"value": 20,
							"label": "20"
						},
						{
							"value": 21,
							"label": "21"
						},
						{
							"value": 22,
							"label": "22"
						},
						{
							"value": 23,
							"label": "23"
						},
						{
							"value": 24,
							"label": "24"
						},
						{
							"value": 25,
							"label": "25"
						},
						{
							"value": 26,
							"label": "26"
						},
						{
							"value": 27,
							"label": "27"
						},
						{
							"value": 28,
							"label": "28"
						},
						{
							"value": 29,
							"label": "29"
						},
						{
							"value": 30,
							"label": "30"
						},
						{
							"value": 31,
							"label": "31"
						},
						{
							"value": 32,
							"label": "32"
						},
						{
							"value": 33,
							"label": "33"
						},
						{
							"value": 34,
							"label": "34"
						},
						{
							"value": 35,
							"label": "35"
						},
						{
							"value": 36,
							"label": "36"
						},
						{
							"value": 37,
							"label": "37"
						},
						{
							"value": 38,
							"label": "38"
						},
						{
							"value": 39,
							"label": "39"
						},
						{
							"value": 40,
							"label": "40"
						},
						{
							"value": 41,
							"label": "41"
						},
						{
							"value": 42,
							"label": "42"
						},
						{
							"value": 43,
							"label": "43"
						},
						{
							"value": 44,
							"label": "44"
						},
						{
							"value": 45,
							"label": "45"
						},
						{
							"value": 46,
							"label": "46"
						},
						{
							"value": 47,
							"label": "47"
						},
						{
							"value": 48,
							"label": "48"
						},
						{
							"value": 49,
							"label": "49"
						},
						{
							"value": 50,
							"label": "50"
						},
						{
							"value": 51,
							"label": "51"
						},
						{
							"value": 52,
							"label": "52"
						},
						{
							"value": 53,
							"label": "53"
						},
						{
							"value": 54,
							"label": "54"
						},
						{
							"value": 55,
							"label": "55"
						},
						{
							"value": 56,
							"label": "56"
						},
						{
							"value": 57,
							"label": "57"
						},
						{
							"value": 58,
							"label": "58"
						},
						{
							"value": 59,
							"label": "59"
						},
						{
							"value": 60,
							"label": "60"
						},
						{
							"value": 61,
							"label": "61"
						},
						{
							"value": 62,
							"label": "62"
						},
						{
							"value": 63,
							"label": "63"
						},
						{
							"value": 64,
							"label": "64"
						},
						{
							"value": 65,
							"label": "65"
						},
						{
							"value": 66,
							"label": "66"
						},
						{
							"value": 67,
							"label": "67"
						},
						{
							"value": 68,
							"label": "68"
						},
						{
							"value": 69,
							"label": "69"
						},
						{
							"value": 70,
							"label": "70"
						},
						{
							"value": 71,
							"label": "71"
						},
						{
							"value": 72,
							"label": "72"
						},
						{
							"value": 73,
							"label": "73"
						},
						{
							"value": 74,
							"label": "74"
						},
						{
							"value": 75,
							"label": "75"
						},
						{
							"value": 76,
							"label": "76"
						},
						{
							"value": 77,
							"label": "77"
						},
						{
							"value": 78,
							"label": "78"
						},
						{
							"value": 79,
							"label": "79"
						},
						{
							"value": 80,
							"label": "80"
						},
						{
							"value": 81,
							"label": "81"
						},
						{
							"value": 82,
							"label": "82"
						},
						{
							"value": 83,
							"label": "83"
						},
						{
							"value": 84,
							"label": "84"
						},
						{
							"value": 85,
							"label": "85"
						},
						{
							"value": 86,
							"label": "86"
						},
						{
							"value": 87,
							"label": "87"
						},
						{
							"value": 88,
							"label": "88"
						},
						{
							"value": 89,
							"label": "89"
						},
						{
							"value": 90,
							"label": "90"
						},
						{
							"value": 91,
							"label": "91"
						},
						{
							"value": 92,
							"label": "92"
						},
						{
							"value": 93,
							"label": "93"
						},
						{
							"value": 94,
							"label": "94"
						},
						{
							"value": 95,
							"label": "95"
						},
						{
							"value": 96,
							"label": "96"
						},
						{
							"value": 97,
							"label": "97"
						},
						{
							"value": 98,
							"label": "98"
						},
						{
							"value": 99,
							"label": "99"
						},
						{
							"value": 100,
							"label": "100"
						}
					],
					"visibleIf": {
						"field": "musicPauseEnabled",
						"value": true
					}
				},
				{
					"id": "musicPauseDurationUnits",
					"element": "select",
					"label": "TRANSLATE.GPIO_DURATION_UNITS",
					"doc": "TRANSLATE.GPIO_DURATION_UNITS_DOC",
					"value": {
						"value": 0,
						"label": "TRANSLATE.UNITS_HOURS"
					},
					"options": [
						{
							"value": 0,
							"label": "TRANSLATE.UNITS_HOURS"
						},
						{
							"value": 1,
							"label": "TRANSLATE.UNITS_MINUTES"
						},
						{
							"value": 2,
							"label": "TRANSLATE.UNITS_SECONDS"
						},
						{
							"value": 3,
							"label": "TRANSLATE.UNITS_MILLISECONDS"
						}
					],
					"visibleIf": {
						"field": "musicPauseEnabled",
						"value": true
					}
				},
				{
					"id": "musicStopEnabled",
					"element": "switch",
					"label": "TRANSLATE.MUSIC_STOP",
					"doc": "TRANSLATE.MUSIC_STOP_DOC",
					"value": false
				},
				{
					"id": "musicStopPin",
					"element": "select",
					"label": "TRANSLATE.GPIO_PIN",
					"doc": "TRANSLATE.GPIO_PIN_DOC",
					"value": {
						"value": 0,
						"label": "0"
					},
					"options": [
						{
							"value": 2,
							"label": "2"
						},
						{
							"value": 3,
							"label": "3"
						},
						{
							"value": 4,
							"label": "4"
						},
						{
							"value": 5,
							"label": "5"
						},
						{
							"value": 6,
							"label": "6"
						},
						{
							"value": 7,
							"label": "7"
						},
						{
							"value": 8,
							"label": "8"
						},
						{
							"value": 9,
							"label": "9"
						},
						{
							"value": 10,
							"label": "10"
						},
						{
							"value": 11,
							"label": "11"
						},
						{
							"value": 12,
							"label": "12"
						},
						{
							"value": 13,
							"label": "13"
						},
						{
							"value": 14,
							"label": "14"
						},
						{
							"value": 15,
							"label": "15"
						},
						{
							"value": 16,
							"label": "16"
						},
						{
							"value": 17,
							"label": "17"
						},
						{
							"value": 18,
							"label": "18"
						},
						{
							"value": 19,
							"label": "19"
						},
						{
							"value": 20,
							"label": "20"
						},
						{
							"value": 21,
							"label": "21"
						},
						{
							"value": 22,
							"label": "22"
						},
						{
							"value": 23,
							"label": "23"
						},
						{
							"value": 24,
							"label": "24"
						},
						{
							"value": 25,
							"label": "25"
						},
						{
							"value": 26,
							"label": "26"
						},
						{
							"value": 27,
							"label": "27"
						}
					],
					"visibleIf": {
						"field": "musicStopEnabled",
						"value": true
					}
				},
				{
					"id": "musicStopState",
					"element": "select",
					"label": "TRANSLATE.GPIO_STATE",
					"doc": "TRANSLATE.GPIO_STATE_DOC",
					"value": {
						"value": 0,
						"label": "TRANSLATE.OFF"
					},
					"options": [
						{
							"value": 1,
							"label": "TRANSLATE.ON"
						},
						{
							"value": 0,
							"label": "TRANSLATE.OFF"
						}
					],
					"visibleIf": {
						"field": "musicStopEnabled",
						"value": true
					}
				},
				{
					"id": "musicStopDelay",
					"element": "select",
					"label": "TRANSLATE.GPIO_DELAY",
					"doc": "TRANSLATE.GPIO_DELAY_DOC",
					"value": {
						"value": 0,
						"label": "TRANSLATE.DELAY_NONE"
					},
					"options": [
						{
							"value": 0,
							"label": "TRANSLATE.DELAY_NONE"
						},
						{
							"value": 1,
							"label": "1"
						},
						{
							"value": 2,
							"label": "2"
						},
						{
							"value": 3,
							"label": "3"
						},
						{
							"value": 4,
							"label": "4"
						},
						{
							"value": 5,
							"label": "5"
						},
						{
							"value": 6,
							"label": "6"
						},
						{
							"value": 7,
							"label": "7"
						},
						{
							"value": 8,
							"label": "8"
						},
						{
							"value": 9,
							"label": "9"
						},
						{
							"value": 10,
							"label": "10"
						},
						{
							"value": 11,
							"label": "11"
						},
						{
							"value": 12,
							"label": "12"
						},
						{
							"value": 13,
							"label": "13"
						},
						{
							"value": 14,
							"label": "14"
						},
						{
							"value": 15,
							"label": "15"
						},
						{
							"value": 16,
							"label": "16"
						},
						{
							"value": 17,
							"label": "17"
						},
						{
							"value": 18,
							"label": "18"
						},
						{
							"value": 19,
							"label": "19"
						},
						{
							"value": 20,
							"label": "20"
						},
						{
							"value": 21,
							"label": "21"
						},
						{
							"value": 22,
							"label": "22"
						},
						{
							"value": 23,
							"label": "23"
						},
						{
							"value": 24,
							"label": "24"
						},
						{
							"value": 25,
							"label": "25"
						},
						{
							"value": 26,
							"label": "26"
						},
						{
							"value": 27,
							"label": "27"
						},
						{
							"value": 28,
							"label": "28"
						},
						{
							"value": 29,
							"label": "29"
						},
						{
							"value": 30,
							"label": "30"
						},
						{
							"value": 31,
							"label": "31"
						},
						{
							"value": 32,
							"label": "32"
						},
						{
							"value": 33,
							"label": "33"
						},
						{
							"value": 34,
							"label": "34"
						},
						{
							"value": 35,
							"label": "35"
						},
						{
							"value": 36,
							"label": "36"
						},
						{
							"value": 37,
							"label": "37"
						},
						{
							"value": 38,
							"label": "38"
						},
						{
							"value": 39,
							"label": "39"
						},
						{
							"value": 40,
							"label": "40"
						},
						{
							"value": 41,
							"label": "41"
						},
						{
							"value": 42,
							"label": "42"
						},
						{
							"value": 43,
							"label": "43"
						},
						{
							"value": 44,
							"label": "44"
						},
						{
							"value": 45,
							"label": "45"
						},
						{
							"value": 46,
							"label": "46"
						},
						{
							"value": 47,
							"label": "47"
						},
						{
							"value": 48,
							"label": "48"
						},
						{
							"value": 49,
							"label": "49"
						},
						{
							"value": 50,
							"label": "50"
						},
						{
							"value": 51,
							"label": "51"
						},
						{
							"value": 52,
							"label": "52"
						},
						{
							"value": 53,
							"label": "53"
						},
						{
							"value": 54,
							"label": "54"
						},
						{
							"value": 55,
							"label": "55"
						},
						{
							"value": 56,
							"label": "56"
						},
						{
							"value": 57,
							"label": "57"
						},
						{
							"value": 58,
							"label": "58"
						},
						{
							"value": 59,
							"label": "59"
						},
						{
							"value": 60,
							"label": "60"
						},
						{
							"value": 61,
							"label": "61"
						},
						{
							"value": 62,
							"label": "62"
						},
						{
							"value": 63,
							"label": "63"
						},
						{
							"value": 64,
							"label": "64"
						},
						{
							"value": 65,
							"label": "65"
						},
						{
							"value": 66,
							"label": "66"
						},
						{
							"value": 67,
							"label": "67"
						},
						{
							"value": 68,
							"label": "68"
						},
						{
							"value": 69,
							"label": "69"
						},
						{
							"value": 70,
							"label": "70"
						},
						{
							"value": 71,
							"label": "71"
						},
						{
							"value": 72,
							"label": "72"
						},
						{
							"value": 73,
							"label": "73"
						},
						{
							"value": 74,
							"label": "74"
						},
						{
							"value": 75,
							"label": "75"
						},
						{
							"value": 76,
							"label": "76"
						},
						{
							"value": 77,
							"label": "77"
						},
						{
							"value": 78,
							"label": "78"
						},
						{
							"value": 79,
							"label": "79"
						},
						{
							"value": 80,
							"label": "80"
						},
						{
							"value": 81,
							"label": "81"
						},
						{
							"value": 82,
							"label": "82"
						},
						{
							"value": 83,
							"label": "83"
						},
						{
							"value": 84,
							"label": "84"
						},
						{
							"value": 85,
							"label": "85"
						},
						{
							"value": 86,
							"label": "86"
						},
						{
							"value": 87,
							"label": "87"
						},
						{
							"value": 88,
							"label": "88"
						},
						{
							"value": 89,
							"label": "89"
						},
						{
							"value": 90,
							"label": "90"
						},
						{
							"value": 91,
							"label": "91"
						},
						{
							"value": 92,
							"label": "92"
						},
						{
							"value": 93,
							"label": "93"
						},
						{
							"value": 94,
							"label": "94"
						},
						{
							"value": 95,
							"label": "95"
						},
						{
							"value": 96,
							"label": "96"
						},
						{
							"value": 97,
							"label": "97"
						},
						{
							"value": 98,
							"label": "98"
						},
						{
							"value": 99,
							"label": "99"
						},
						{
							"value": 100,
							"label": "100"
						}
					],
					"visibleIf": {
						"field": "musicStopEnabled",
						"value": true
					}
				},
				{
					"id": "musicStopDelayUnits",
					"element": "select",
					"label": "TRANSLATE.GPIO_DELAY_UNITS",
					"doc": "TRANSLATE.GPIO_DELAY_UNITS_DOC",
					"value": {
						"value": 0,
						"label": "TRANSLATE.UNITS_HOURS"
					},
					"options": [
						{
							"value": 0,
							"label": "TRANSLATE.UNITS_HOURS"
						},
						{
							"value": 1,
							"label": "TRANSLATE.UNITS_MINUTES"
						},
						{
							"value": 2,
							"label": "TRANSLATE.UNITS_SECONDS"
						},
						{
							"value": 3,
							"label": "TRANSLATE.UNITS_MILLISECONDS"
						}
					],
					"visibleIf": {
						"field": "systemShutdownEnabled",
						"value": true
					}
				},
				{
					"id": "musicStopDuration",
					"element": "select",
					"label": "TRANSLATE.GPIO_DURATION",
					"doc": "TRANSLATE.GPIO_DURATION_DOC",
					"value": {
						"value": 0,
						"label": "TRANSLATE.DURATION_NONE"
					},
					"options": [
						{
							"value": 0,
							"label": "TRANSLATE.DURATION_NONE"
						},
						{
							"value": 1,
							"label": "1"
						},
						{
							"value": 2,
							"label": "2"
						},
						{
							"value": 3,
							"label": "3"
						},
						{
							"value": 4,
							"label": "4"
						},
						{
							"value": 5,
							"label": "5"
						},
						{
							"value": 6,
							"label": "6"
						},
						{
							"value": 7,
							"label": "7"
						},
						{
							"value": 8,
							"label": "8"
						},
						{
							"value": 9,
							"label": "9"
						},
						{
							"value": 10,
							"label": "10"
						},
						{
							"value": 11,
							"label": "11"
						},
						{
							"value": 12,
							"label": "12"
						},
						{
							"value": 13,
							"label": "13"
						},
						{
							"value": 14,
							"label": "14"
						},
						{
							"value": 15,
							"label": "15"
						},
						{
							"value": 16,
							"label": "16"
						},
						{
							"value": 17,
							"label": "17"
						},
						{
							"value": 18,
							"label": "18"
						},
						{
							"value": 19,
							"label": "19"
						},
						{
							"value": 20,
							"label": "20"
						},
						{
							"value": 21,
							"label": "21"
						},
						{
							"value": 22,
							"label": "22"
						},
						{
							"value": 23,
							"label": "23"
						},
						{
							"value": 24,
							"label": "24"
						},
						{
							"value": 25,
							"label": "25"
						},
						{
							"value": 26,
							"label": "26"
						},
						{
							"value": 27,
							"label": "27"
						},
						{
							"value": 28,
							"label": "28"
						},
						{
							"value": 29,
							"label": "29"
						},
						{
							"value": 30,
							"label": "30"
						},
						{
							"value": 31,
							"label": "31"
						},
						{
							"value": 32,
							"label": "32"
						},
						{
							"value": 33,
							"label": "33"
						},
						{
							"value": 34,
							"label": "34"
						},
						{
							"value": 35,
							"label": "35"
						},
						{
							"value": 36,
							"label": "36"
						},
						{
							"value": 37,
							"label": "37"
						},
						{
							"value": 38,
							"label": "38"
						},
						{
							"value": 39,
							"label": "39"
						},
						{
							"value": 40,
							"label": "40"
						},
						{
							"value": 41,
							"label": "41"
						},
						{
							"value": 42,
							"label": "42"
						},
						{
							"value": 43,
							"label": "43"
						},
						{
							"value": 44,
							"label": "44"
						},
						{
							"value": 45,
							"label": "45"
						},
						{
							"value": 46,
							"label": "46"
						},
						{
							"value": 47,
							"label": "47"
						},
						{
							"value": 48,
							"label": "48"
						},
						{
							"value": 49,
							"label": "49"
						},
						{
							"value": 50,
							"label": "50"
						},
						{
							"value": 51,
							"label": "51"
						},
						{
							"value": 52,
							"label": "52"
						},
						{
							"value": 53,
							"label": "53"
						},
						{
							"value": 54,
							"label": "54"
						},
						{
							"value": 55,
							"label": "55"
						},
						{
							"value": 56,
							"label": "56"
						},
						{
							"value": 57,
							"label": "57"
						},
						{
							"value": 58,
							"label": "58"
						},
						{
							"value": 59,
							"label": "59"
						},
						{
							"value": 60,
							"label": "60"
						},
						{
							"value": 61,
							"label": "61"
						},
						{
							"value": 62,
							"label": "62"
						},
						{
							"value": 63,
							"label": "63"
						},
						{
							"value": 64,
							"label": "64"
						},
						{
							"value": 65,
							"label": "65"
						},
						{
							"value": 66,
							"label": "66"
						},
						{
							"value": 67,
							"label": "67"
						},
						{
							"value": 68,
							"label": "68"
						},
						{
							"value": 69,
							"label": "69"
						},
						{
							"value": 70,
							"label": "70"
						},
						{
							"value": 71,
							"label": "71"
						},
						{
							"value": 72,
							"label": "72"
						},
						{
							"value": 73,
							"label": "73"
						},
						{
							"value": 74,
							"label": "74"
						},
						{
							"value": 75,
							"label": "75"
						},
						{
							"value": 76,
							"label": "76"
						},
						{
							"value": 77,
							"label": "77"
						},
						{
							"value": 78,
							"label": "78"
						},
						{
							"value": 79,
							"label": "79"
						},
						{
							"value": 80,
							"label": "80"
						},
						{
							"value": 81,
							"label": "81"
						},
						{
							"value": 82,
							"label": "82"
						},
						{
							"value": 83,
							"label": "83"
						},
						{
							"value": 84,
							"label": "84"
						},
						{
							"value": 85,
							"label": "85"
						},
						{
							"value": 86,
							"label": "86"
						},
						{
							"value": 87,
							"label": "87"
						},
						{
							"value": 88,
							"label": "88"
						},
						{
							"value": 89,
							"label": "89"
						},
						{
							"value": 90,
							"label": "90"
						},
						{
							"value": 91,
							"label": "91"
						},
						{
							"value": 92,
							"label": "92"
						},
						{
							"value": 93,
							"label": "93"
						},
						{
							"value": 94,
							"label": "94"
						},
						{
							"value": 95,
							"label": "95"
						},
						{
							"value": 96,
							"label": "96"
						},
						{
							"value": 97,
							"label": "97"
						},
						{
							"value": 98,
							"label": "98"
						},
						{
							"value": 99,
							"label": "99"
						},
						{
							"value": 100,
							"label": "100"
						}
					],
					"visibleIf": {
						"field": "musicStopEnabled",
						"value": true
					}
				},
				{
					"id": "musicStopDurationUnits",
					"element": "select",
					"label": "TRANSLATE.GPIO_DURATION_UNITS",
					"doc": "TRANSLATE.GPIO_DURATION_UNITS_DOC",
					"value": {
						"value": 0,
						"label": "TRANSLATE.UNITS_HOURS"
					},
					"options": [
						{
							"value": 0,
							"label": "TRANSLATE.UNITS_HOURS"
						},
						{
							"value": 1,
							"label": "TRANSLATE.UNITS_MINUTES"
						},
						{
							"value": 2,
							"label": "TRANSLATE.UNITS_SECONDS"
						},
						{
							"value": 3,
							"label": "TRANSLATE.UNITS_MILLISECONDS"
						}
					],
					"visibleIf": {
						"field": "musicStopEnabled",
						"value": true
					}
				}
			]
		}
	]
}