{
    "page": {
      "label": "Mother Earth Radio Configuration"
    },
    "sections": [
      {
        "id": "delay",
        "element": "section",
        "label": "delay",
        "icon": "fa-cogs",
        "description": "The API delay for metadata (artist, title) in seconds.",
        "onSave": {
          "type": "controller",
          "endpoint":"music_service/motherearthradio",
          "method":"updateConfig"
        },
        "saveButton": {
          "label": "Save",
          "data": [
            "apiDelay"
          ]
        },
        "content": [
          {
            "id": "apiDelay",
            "type":"text",
            "element": "input",
            "label": "API Delay (in seconds)",
            "value": 5
          }
        ]
      }
    ]
}
