{
  "page": {
    "label": "TRANSLATE.PAGE.LABEL"
  },
  "sections": [
    {
      "id": "section_schedule",
      "element": "section",
      "label": "TRANSLATE.SECTION.LABEL",
      "icon": "fa-clock",
      "onSave": {
        "type": "controller",
        "endpoint": "system_controller/scheduledrestart",
        "method": "saveSchedule"
      },
      "saveButton": {
        "label": "TRANSLATE.BUTTON.SAVE",
        "data": [
          "hours",
          "minutes",
          "monday",
          "tuesday",
          "wednesday",
          "thursday",
          "friday",
          "saturday",
          "sunday"
        ]
      },
      "content": [
        {
          "id": "hours",
          "element": "select",
          "doc": "TRANSLATE.HOURS.DOC",
          "label": "TRANSLATE.HOURS.LABEL",
          "value": 0,
          "options": [
            { "value": 0, "label": "00" },
            { "value": 1, "label": "01" },
            { "value": 2, "label": "02" },
            { "value": 3, "label": "03" },
            { "value": 4, "label": "04" },
            { "value": 5, "label": "05" },
            { "value": 6, "label": "06" },
            { "value": 7, "label": "07" },
            { "value": 8, "label": "08" },
            { "value": 9, "label": "09" },
            { "value": 10, "label": "10" },
            { "value": 11, "label": "11" },
            { "value": 12, "label": "12" },
            { "value": 13, "label": "13" },
            { "value": 14, "label": "14" },
            { "value": 15, "label": "15" },
            { "value": 16, "label": "16" },
            { "value": 17, "label": "17" },
            { "value": 18, "label": "18" },
            { "value": 19, "label": "19" },
            { "value": 20, "label": "20" },
            { "value": 21, "label": "21" },
            { "value": 22, "label": "22" },
            { "value": 23, "label": "23" }
          ]
        },
        {
          "id": "minutes",
          "element": "select",
          "label": "TRANSLATE.MINUTES.LABEL",
          "value": 0,
          "options": [
            { "value": 0, "label": "00" },
            { "value": 5, "label": "05" },
            { "value": 10, "label": "10" },
            { "value": 15, "label": "15" },
            { "value": 20, "label": "20" },
            { "value": 25, "label": "25" },
            { "value": 30, "label": "30" },
            { "value": 35, "label": "35" },
            { "value": 40, "label": "40" },
            { "value": 45, "label": "45" },
            { "value": 50, "label": "50" },
            { "value": 55, "label": "55" }
          ]
        },
        {
          "id": "monday",
          "type": "boolean",
          "element": "switch",
          "label": "TRANSLATE.MONDAY.LABEL",
          "value": false
        },
        {
          "id": "tuesday",
          "type": "boolean",
          "element": "switch",
          "label": "TRANSLATE.TUESDAY.LABEL",
          "value": false
        },
        {
          "id": "wednesday",
          "type": "boolean",
          "element": "switch",
          "label": "TRANSLATE.WEDNESDAY.LABEL",
          "value": false
        },
        {
          "id": "thursday",
          "type": "boolean",
          "element": "switch",
          "label": "TRANSLATE.THURSDAY.LABEL",
          "value": false
        },
        {
          "id": "friday",
          "type": "boolean",
          "element": "switch",
          "label": "TRANSLATE.FRIDAY.LABEL",
          "value": false
        },
        {
          "id": "saturday",
          "type": "boolean",
          "element": "switch",
          "label": "TRANSLATE.SATURDAY.LABEL",
          "value": false
        },
        {
          "id": "sunday",
          "type": "boolean",
          "element": "switch",
          "label": "TRANSLATE.SUNDAY.LABEL",
          "value": false
        }
      ]
    }
  ]
}

